{
    "loss": [
        1.196523904800415,
        0.7227736711502075,
        0.6957473158836365,
        0.6243187785148621,
        0.6066979169845581,
        0.5355281829833984,
        0.4905635118484497,
        0.5281580090522766,
        0.5087162852287292,
        0.5328397154808044,
        0.5424460172653198,
        0.48409467935562134,
        0.4486429691314697,
        0.47145703434944153,
        0.46426311135292053,
        0.4803827106952667,
        0.4228324890136719,
        0.42788442969322205,
        0.4175151586532593,
        0.41770774126052856
    ],
    "accuracy": [
        0.5529595017433167,
        0.6962617039680481,
        0.7242990732192993,
        0.7289719581604004,
        0.7507787942886353,
        0.7507787942886353,
        0.767912745475769,
        0.7788162231445312,
        0.763239860534668,
        0.7647975087165833,
        0.7554517388343811,
        0.7686915993690491,
        0.7795950174331665,
        0.7897196412086487,
        0.781931459903717,
        0.7834891080856323,
        0.7990654110908508,
        0.7943925261497498,
        0.8130841255187988,
        0.8037382960319519
    ],
    "val_loss": [
        0.9172700047492981,
        0.7224850654602051,
        0.931648850440979,
        0.8922888040542603,
        0.4013694226741791,
        0.42962846159935,
        0.3245309591293335,
        0.30334946513175964,
        0.6642361879348755,
        0.2782934308052063,
        0.275174081325531,
        0.27510374784469604,
        0.2592659890651703,
        0.25335007905960083,
        0.24134384095668793,
        0.25359272956848145,
        0.25906145572662354,
        0.24156810343265533,
        0.24368609488010406,
        0.24073044955730438
    ],
    "val_accuracy": [
        0.5583941340446472,
        0.7007299065589905,
        0.4927007257938385,
        0.6605839133262634,
        0.8284671306610107,
        0.7481752038002014,
        0.8613138794898987,
        0.8321167826652527,
        0.7080292105674744,
        0.8321167826652527,
        0.8321167826652527,
        0.8321167826652527,
        0.8321167826652527,
        0.8321167826652527,
        0.8321167826652527,
        0.8321167826652527,
        0.8321167826652527,
        0.8321167826652527,
        0.8321167826652527,
        0.8321167826652527
    ],
    "lr": [
        0.0010000000474974513,
        0.0010000000474974513,
        0.0010000000474974513,
        0.0010000000474974513,
        0.0010000000474974513,
        0.0010000000474974513,
        0.0010000000474974513,
        0.0010000000474974513,
        0.0010000000474974513,
        0.0010000000474974513,
        9.999999747378752e-06,
        9.999999747378752e-06,
        9.999999747378752e-06,
        9.999999747378752e-06,
        9.999999747378752e-06,
        9.999999747378752e-06,
        9.999999747378752e-06,
        9.999999747378752e-06,
        9.999999747378752e-06,
        9.999999747378752e-06
    ]
}