{
    "loss": [
        1.0622496604919434,
        0.6976501941680908,
        0.6064951419830322,
        0.5984892845153809,
        0.5348319411277771,
        0.515078604221344,
        0.494488000869751,
        0.48720651865005493,
        0.4987054765224457,
        0.4240261912345886,
        0.49061086773872375,
        0.45607927441596985,
        0.43849876523017883,
        0.42347222566604614,
        0.4112583100795746,
        0.42315226793289185,
        0.38032156229019165,
        0.3740696310997009,
        0.39529865980148315,
        0.38514596223831177
    ],
    "accuracy": [
        0.6214953064918518,
        0.7196261882781982,
        0.7445482611656189,
        0.7375389337539673,
        0.7585669755935669,
        0.7757009267807007,
        0.7811526656150818,
        0.7725856900215149,
        0.7710280418395996,
        0.7967289686203003,
        0.777258574962616,
        0.8014018535614014,
        0.7998442649841309,
        0.795950174331665,
        0.8115264773368835,
        0.8052959442138672,
        0.8286604285240173,
        0.8169782161712646,
        0.8169782161712646,
        0.8006230592727661
    ],
    "val_loss": [
        1.0100617408752441,
        0.6745023131370544,
        0.7538812756538391,
        0.6635585427284241,
        0.5038948059082031,
        0.5335795879364014,
        0.351436048746109,
        0.31610098481178284,
        0.24488933384418488,
        0.39397069811820984,
        0.28295332193374634,
        0.2638600766658783,
        0.248025044798851,
        0.2177160084247589,
        0.21263860166072845,
        0.206422358751297,
        0.21375629305839539,
        0.19931963086128235,
        0.19717904925346375,
        0.1937132179737091
    ],
    "val_accuracy": [
        0.49635037779808044,
        0.6605839133262634,
        0.6642335653305054,
        0.7007299065589905,
        0.7007299065589905,
        0.7262773513793945,
        0.8467153310775757,
        0.8138686418533325,
        0.8394160866737366,
        0.8722627758979797,
        0.8722627758979797,
        0.8722627758979797,
        0.8722627758979797,
        0.8722627758979797,
        0.9124087691307068,
        0.8978102207183838,
        0.8722627758979797,
        0.9124087691307068,
        0.9197080135345459,
        0.9197080135345459
    ],
    "lr": [
        0.0010000000474974513,
        0.0010000000474974513,
        0.0010000000474974513,
        0.0010000000474974513,
        0.0010000000474974513,
        0.0010000000474974513,
        0.0010000000474974513,
        0.0010000000474974513,
        0.0010000000474974513,
        0.0010000000474974513,
        9.999999747378752e-06,
        9.999999747378752e-06,
        9.999999747378752e-06,
        9.999999747378752e-06,
        9.999999747378752e-06,
        9.999999747378752e-06,
        9.999999747378752e-06,
        9.999999747378752e-06,
        9.999999747378752e-06,
        9.999999747378752e-06
    ]
}