{
    "loss": [
        1.3203634023666382,
        0.832533597946167,
        0.7577344179153442,
        0.6756986975669861,
        0.6254681944847107,
        0.6175262928009033,
        0.5838011503219604,
        0.5673806667327881,
        0.5746021866798401,
        0.5194534063339233,
        0.7027173042297363,
        0.6721493601799011,
        0.7020430564880371,
        0.6733686923980713,
        0.6716147661209106,
        0.6349303126335144
    ],
    "accuracy": [
        0.5070093274116516,
        0.6580997109413147,
        0.6760124564170837,
        0.7063862681388855,
        0.7165108919143677,
        0.7149532437324524,
        0.7344236969947815,
        0.7507787942886353,
        0.7313084006309509,
        0.7749221324920654,
        0.690809965133667,
        0.7172897458076477,
        0.6830217838287354,
        0.7009345889091492,
        0.7024922370910645,
        0.7188473343849182
    ],
    "val_loss": [
        1.104026436805725,
        0.8548193573951721,
        0.7265443205833435,
        0.6424240469932556,
        0.4889973998069763,
        0.44523921608924866,
        0.34611862897872925,
        0.36611270904541016,
        0.3165103793144226,
        0.36981096863746643,
        0.3777417540550232,
        0.3959116041660309,
        0.45554235577583313,
        0.5117104649543762,
        0.5411794185638428,
        0.530619740486145
    ],
    "val_accuracy": [
        0.6386861205101013,
        0.540145993232727,
        0.7153284549713135,
        0.8321167826652527,
        0.8321167826652527,
        0.6970803141593933,
        0.9343065619468689,
        0.8138686418533325,
        0.8321167826652527,
        0.7737226486206055,
        0.8065693378448486,
        0.7992700934410095,
        0.7627737522125244,
        0.7299270033836365,
        0.6970803141593933,
        0.7080292105674744
    ],
    "lr": [
        0.0010000000474974513,
        0.0010000000474974513,
        0.0010000000474974513,
        0.0010000000474974513,
        0.0010000000474974513,
        0.0010000000474974513,
        0.0010000000474974513,
        0.0010000000474974513,
        0.0010000000474974513,
        0.0010000000474974513,
        9.999999747378752e-06,
        9.999999747378752e-06,
        9.999999747378752e-06,
        9.999999747378752e-06,
        9.999999747378752e-06,
        9.999999747378752e-06
    ]
}