{
    "loss": [
        1.409275770187378,
        1.114859938621521,
        0.9798230528831482,
        0.8602529764175415,
        0.8484247922897339,
        0.8122226595878601,
        1.3260067701339722,
        1.1620543003082275,
        1.049635887145996,
        1.0381264686584473,
        0.95534747838974
    ],
    "accuracy": [
        0.4026479721069336,
        0.5342679023742676,
        0.5755451917648315,
        0.6261682510375977,
        0.6253893971443176,
        0.631619930267334,
        0.48208722472190857,
        0.5155763030052185,
        0.5288162231445312,
        0.5560747385025024,
        0.5786604285240173
    ],
    "val_loss": [
        5.35087776184082,
        7.451859951019287,
        7.974856853485107,
        11.048904418945312,
        9.359212875366211,
        10.05359935760498,
        6.945687770843506,
        4.741014003753662,
        3.004122257232666,
        3.483454942703247,
        3.5176188945770264
    ],
    "val_accuracy": [
        0.16423358023166656,
        0.16423358023166656,
        0.16423358023166656,
        0.16423358023166656,
        0.16423358023166656,
        0.16423358023166656,
        0.16423358023166656,
        0.16423358023166656,
        0.16788321733474731,
        0.16788321733474731,
        0.16788321733474731
    ],
    "lr": [
        0.0010000000474974513,
        0.0010000000474974513,
        0.0010000000474974513,
        0.0010000000474974513,
        0.0010000000474974513,
        0.0010000000474974513,
        9.999999747378752e-06,
        9.999999747378752e-06,
        9.999999747378752e-06,
        9.999999747378752e-06,
        9.999999747378752e-06
    ]
}