{
    "accuracy": 0.9821428571428571,
    "precision": 0.9830772594752186,
    "recall": 0.9821428571428571,
    "f1": 0.982120577919803,
    "training_time": 1612.713482618332,
    "prediction_time": 13.458414554595947,
    "batch_size": 25,
    "learning_rate": 0.001,
    "optimizer": "adam"
}