{
    "accuracy": 0.8428571428571429,
    "precision": 0.9188383045525902,
    "recall": 0.8428571428571429,
    "f1": 0.7987660455486543,
    "training_time": 1597.2477917671204,
    "prediction_time": 12.72413158416748,
    "batch_size": 25,
    "learning_rate": 0.001,
    "optimizer": "rmsprop"
}