{
    "loss": [
        1.5553200244903564,
        1.139265537261963,
        0.9883745312690735,
        0.8989742398262024,
        0.8437891006469727,
        0.7822933197021484,
        0.7392569780349731,
        0.7226833701133728,
        0.6737931370735168,
        0.6362195014953613,
        0.6189855933189392,
        0.5831882953643799,
        0.558122992515564,
        0.5440970659255981,
        0.5281856060028076,
        0.498341828584671,
        0.5096014738082886,
        0.4974440336227417,
        0.47978952527046204,
        0.4851956069469452
    ],
    "accuracy": [
        0.3629283607006073,
        0.5584112405776978,
        0.6012461185455322,
        0.6378504633903503,
        0.65887850522995,
        0.6838006377220154,
        0.6690031290054321,
        0.6861370801925659,
        0.7258567214012146,
        0.7219626307487488,
        0.7468847632408142,
        0.7476635575294495,
        0.7492212057113647,
        0.736760139465332,
        0.7538940906524658,
        0.7702492475509644,
        0.7671339511871338,
        0.7647975087165833,
        0.7827102541923523,
        0.7741432785987854
    ],
    "val_loss": [
        1.7559068202972412,
        1.6933735609054565,
        1.6311348676681519,
        1.5573534965515137,
        1.4735000133514404,
        1.390263319015503,
        1.2707312107086182,
        1.1375735998153687,
        1.0173896551132202,
        0.9998013973236084,
        1.0164052248001099,
        0.7121508717536926,
        0.6664583086967468,
        0.4756492078304291,
        0.37520185112953186,
        0.37635231018066406,
        0.33268022537231445,
        0.2984156906604767,
        0.30182546377182007,
        0.28689906001091003
    ],
    "val_accuracy": [
        0.17153283953666687,
        0.49635037779808044,
        0.49635037779808044,
        0.4927007257938385,
        0.4927007257938385,
        0.4927007257938385,
        0.4927007257938385,
        0.4927007257938385,
        0.4927007257938385,
        0.5328466892242432,
        0.4927007257938385,
        0.5036496520042419,
        0.5875912308692932,
        0.8284671306610107,
        0.8321167826652527,
        0.8284671306610107,
        0.8284671306610107,
        0.8321167826652527,
        0.8503649830818176,
        0.8503649830818176
    ],
    "lr": [
        0.0010000000474974513,
        0.0010000000474974513,
        0.0010000000474974513,
        0.0010000000474974513,
        0.0010000000474974513,
        0.0010000000474974513,
        0.0010000000474974513,
        0.0010000000474974513,
        0.0010000000474974513,
        0.0010000000474974513,
        9.999999747378752e-06,
        9.999999747378752e-06,
        9.999999747378752e-06,
        9.999999747378752e-06,
        9.999999747378752e-06,
        9.999999747378752e-06,
        9.999999747378752e-06,
        9.999999747378752e-06,
        9.999999747378752e-06,
        9.999999747378752e-06
    ]
}