{
    "loss": [
        1.0090420246124268,
        0.7048138976097107,
        0.582297682762146,
        0.5085297226905823,
        0.4809756278991699,
        0.4569500684738159,
        0.42452317476272583,
        0.4311392605304718,
        0.4176912009716034,
        0.38287612795829773,
        0.358909010887146,
        0.3455089032649994,
        0.32839125394821167,
        0.3006121516227722,
        0.2787007987499237,
        0.26966145634651184,
        0.2659982144832611,
        0.2609924077987671,
        0.24387064576148987,
        0.23723295331001282
    ],
    "accuracy": [
        0.5825545191764832,
        0.6853582262992859,
        0.7352024912834167,
        0.767912745475769,
        0.7671339511871338,
        0.7749221324920654,
        0.7850467562675476,
        0.795950174331665,
        0.795171320438385,
        0.8200934529304504,
        0.8278816342353821,
        0.822429895401001,
        0.8317757248878479,
        0.8426791429519653,
        0.8598130941390991,
        0.8621495366096497,
        0.8761682510375977,
        0.8746106028556824,
        0.8777258396148682,
        0.8847352266311646
    ],
    "val_loss": [
        1.716510534286499,
        1.5184810161590576,
        1.200995683670044,
        0.9860473275184631,
        0.9054981470108032,
        0.9667742848396301,
        0.4021909832954407,
        1.1785762310028076,
        0.6548995971679688,
        2.064265727996826,
        1.2977166175842285,
        0.32475727796554565,
        0.26931241154670715,
        0.2551676034927368,
        0.7916646003723145,
        0.3960152864456177,
        0.21884459257125854,
        0.14935609698295593,
        0.23374971747398376,
        0.14207527041435242
    ],
    "val_accuracy": [
        0.16788321733474731,
        0.32846716046333313,
        0.8138686418533325,
        0.4927007257938385,
        0.5036496520042419,
        0.5036496520042419,
        0.8759124279022217,
        0.5474452376365662,
        0.7043795585632324,
        0.4927007257938385,
        0.6131386756896973,
        0.8321167826652527,
        0.8321167826652527,
        0.8321167826652527,
        0.6678832173347473,
        0.8321167826652527,
        0.8832116723060608,
        0.9927007555961609,
        0.8357664346694946,
        0.959854006767273
    ],
    "lr": [
        0.0010000000474974513,
        0.0010000000474974513,
        0.0010000000474974513,
        0.0010000000474974513,
        0.0010000000474974513,
        0.0010000000474974513,
        0.0010000000474974513,
        0.0010000000474974513,
        0.0010000000474974513,
        0.0010000000474974513,
        9.999999747378752e-06,
        9.999999747378752e-06,
        9.999999747378752e-06,
        9.999999747378752e-06,
        9.999999747378752e-06,
        9.999999747378752e-06,
        9.999999747378752e-06,
        9.999999747378752e-06,
        9.999999747378752e-06,
        9.999999747378752e-06
    ]
}