{
    "loss": [
        1.1799290180206299,
        0.7951585054397583,
        0.670127809047699,
        0.5859228372573853,
        0.5521527528762817,
        0.5196999907493591,
        0.49196770787239075,
        0.45889410376548767,
        0.4572867453098297,
        0.4178962707519531,
        0.37263190746307373,
        0.34110790491104126,
        0.31328916549682617,
        0.31621021032333374,
        0.3056131899356842,
        0.2958809733390808,
        0.30356329679489136,
        0.30266135931015015,
        0.30848371982574463,
        0.2832503616809845
    ],
    "accuracy": [
        0.5054517388343811,
        0.6596572995185852,
        0.6962617039680481,
        0.7570093274116516,
        0.7468847632408142,
        0.763239860534668,
        0.7671339511871338,
        0.7866043448448181,
        0.7850467562675476,
        0.7998442649841309,
        0.8161993622779846,
        0.8302180767059326,
        0.8387850522994995,
        0.8341121673583984,
        0.8403427004814148,
        0.8465732336044312,
        0.8442367315292358,
        0.8489096760749817,
        0.8395638465881348,
        0.8566977977752686
    ],
    "val_loss": [
        1.8112479448318481,
        1.7619860172271729,
        1.8056814670562744,
        1.7667981386184692,
        1.6297564506530762,
        1.6346598863601685,
        1.612335205078125,
        1.478023886680603,
        1.3055773973464966,
        1.1845194101333618,
        1.0338194370269775,
        0.9808108806610107,
        0.8779459595680237,
        0.8017981052398682,
        0.6569029688835144,
        0.5799746513366699,
        0.6754763126373291,
        0.5917423367500305,
        0.5668121576309204,
        0.4156741797924042
    ],
    "val_accuracy": [
        0.16423358023166656,
        0.16423358023166656,
        0.16423358023166656,
        0.16423358023166656,
        0.16423358023166656,
        0.16423358023166656,
        0.16423358023166656,
        0.16423358023166656,
        0.3321167826652527,
        0.5036496520042419,
        0.6496350169181824,
        0.4927007257938385,
        0.4927007257938385,
        0.5364963412284851,
        0.6642335653305054,
        0.6642335653305054,
        0.6715328693389893,
        0.7518247961997986,
        0.8211678862571716,
        0.8321167826652527
    ],
    "lr": [
        0.0010000000474974513,
        0.0010000000474974513,
        0.0010000000474974513,
        0.0010000000474974513,
        0.0010000000474974513,
        0.0010000000474974513,
        0.0010000000474974513,
        0.0010000000474974513,
        0.0010000000474974513,
        0.0010000000474974513,
        9.999999747378752e-06,
        9.999999747378752e-06,
        9.999999747378752e-06,
        9.999999747378752e-06,
        9.999999747378752e-06,
        9.999999747378752e-06,
        9.999999747378752e-06,
        9.999999747378752e-06,
        9.999999747378752e-06,
        9.999999747378752e-06
    ]
}