{
    "loss": [
        1.094488501548767,
        0.6759116053581238,
        0.5830239057540894,
        0.5225260853767395,
        0.4679701328277588,
        0.4629530906677246,
        0.4078492820262909,
        0.3946266174316406,
        0.40368860960006714,
        0.37221264839172363,
        0.35138630867004395,
        0.3208909332752228,
        0.29198357462882996,
        0.2785003185272217,
        0.26382869482040405,
        0.2786543071269989,
        0.25012320280075073,
        0.26295655965805054,
        0.24450547993183136,
        0.21933318674564362
    ],
    "accuracy": [
        0.5233644843101501,
        0.718068540096283,
        0.7313084006309509,
        0.7593457698822021,
        0.7850467562675476,
        0.7663551568984985,
        0.7990654110908508,
        0.8045171499252319,
        0.7998442649841309,
        0.8185358047485352,
        0.8146417737007141,
        0.8380062580108643,
        0.8528037667274475,
        0.8590342402458191,
        0.8629283308982849,
        0.854361355304718,
        0.868380069732666,
        0.8629283308982849,
        0.8769470453262329,
        0.8894081115722656
    ],
    "val_loss": [
        1.68465256690979,
        1.6289924383163452,
        1.539548635482788,
        1.440024495124817,
        1.3036152124404907,
        1.2255507707595825,
        1.0986320972442627,
        1.023154854774475,
        0.847375750541687,
        0.804740846157074,
        0.5521398782730103,
        0.5132791996002197,
        0.3226097822189331,
        0.5762669444084167,
        0.2934020757675171,
        0.25135672092437744,
        0.5129173994064331,
        0.23884950578212738,
        0.38911423087120056,
        0.19404354691505432
    ],
    "val_accuracy": [
        0.3321167826652527,
        0.3321167826652527,
        0.3321167826652527,
        0.3321167826652527,
        0.3905109465122223,
        0.5036496520042419,
        0.485401451587677,
        0.6532846689224243,
        0.9343065619468689,
        0.6934306621551514,
        0.6642335653305054,
        0.6897810101509094,
        0.9160584211349487,
        0.5364963412284851,
        0.8321167826652527,
        0.8357664346694946,
        0.8175182342529297,
        0.8321167826652527,
        0.8321167826652527,
        0.8905109763145447
    ],
    "lr": [
        0.0010000000474974513,
        0.0010000000474974513,
        0.0010000000474974513,
        0.0010000000474974513,
        0.0010000000474974513,
        0.0010000000474974513,
        0.0010000000474974513,
        0.0010000000474974513,
        0.0010000000474974513,
        0.0010000000474974513,
        9.999999747378752e-06,
        9.999999747378752e-06,
        9.999999747378752e-06,
        9.999999747378752e-06,
        9.999999747378752e-06,
        9.999999747378752e-06,
        9.999999747378752e-06,
        9.999999747378752e-06,
        9.999999747378752e-06,
        9.999999747378752e-06
    ]
}