{
    "loss": [
        1.0688865184783936,
        0.664074718952179,
        0.575217068195343,
        0.5525073409080505,
        0.46691590547561646,
        0.4470168352127075,
        0.4241098165512085,
        0.4089568555355072,
        0.39297017455101013,
        0.37284764647483826,
        0.37772122025489807,
        0.31080177426338196,
        0.3025381863117218,
        0.2678472101688385,
        0.26870566606521606,
        0.25773850083351135,
        0.2509404718875885,
        0.24771817028522491,
        0.2429913729429245,
        0.2398684024810791
    ],
    "accuracy": [
        0.5646417737007141,
        0.7118380069732666,
        0.7297507524490356,
        0.7422118186950684,
        0.7834891080856323,
        0.7990654110908508,
        0.8014018535614014,
        0.795171320438385,
        0.7998442649841309,
        0.8107476830482483,
        0.8006230592727661,
        0.8434579372406006,
        0.8380062580108643,
        0.8582554459571838,
        0.8590342402458191,
        0.8722741603851318,
        0.8714953064918518,
        0.8800622820854187,
        0.8707165122032166,
        0.8722741603851318
    ],
    "val_loss": [
        1.768691897392273,
        1.640163779258728,
        1.465275526046753,
        1.2659369707107544,
        1.1512402296066284,
        0.9553110003471375,
        1.1318552494049072,
        0.6411592364311218,
        0.9103569388389587,
        0.7263764142990112,
        0.3145442306995392,
        0.2561389207839966,
        0.21089857816696167,
        0.33662936091423035,
        0.35271379351615906,
        0.19230878353118896,
        0.4425528347492218,
        0.2783487141132355,
        0.7660433650016785,
        0.20015497505664825
    ],
    "val_accuracy": [
        0.32846716046333313,
        0.4927007257938385,
        0.4927007257938385,
        0.4927007257938385,
        0.6642335653305054,
        0.4927007257938385,
        0.514598548412323,
        0.6642335653305054,
        0.5802919864654541,
        0.49635037779808044,
        0.8941605687141418,
        0.8321167826652527,
        0.8540145754814148,
        0.8321167826652527,
        0.8321167826652527,
        0.8613138794898987,
        0.8321167826652527,
        0.8321167826652527,
        0.7554744482040405,
        0.985401451587677
    ],
    "lr": [
        0.0010000000474974513,
        0.0010000000474974513,
        0.0010000000474974513,
        0.0010000000474974513,
        0.0010000000474974513,
        0.0010000000474974513,
        0.0010000000474974513,
        0.0010000000474974513,
        0.0010000000474974513,
        0.0010000000474974513,
        9.999999747378752e-06,
        9.999999747378752e-06,
        9.999999747378752e-06,
        9.999999747378752e-06,
        9.999999747378752e-06,
        9.999999747378752e-06,
        9.999999747378752e-06,
        9.999999747378752e-06,
        9.999999747378752e-06,
        9.999999747378752e-06
    ]
}