{
    "accuracy": 0.9964285714285714,
    "precision": 0.9965029761904761,
    "recall": 0.9964285714285714,
    "f1": 0.996428167192174,
    "training_time": 1633.5672118663788,
    "prediction_time": 13.038590669631958,
    "batch_size": 16,
    "learning_rate": 0.001,
    "optimizer": "adam"
}