{
    "loss": [
        1.5234160423278809,
        1.1274758577346802,
        0.9778006672859192,
        0.8875834345817566,
        0.8249992728233337,
        0.767612636089325,
        0.7271016836166382,
        0.7158105373382568,
        0.6539811491966248,
        0.6584935784339905,
        0.6103892922401428,
        0.5731845498085022,
        0.5444494485855103,
        0.5293087959289551,
        0.5325637459754944,
        0.500954270362854,
        0.49260157346725464,
        0.4827544689178467,
        0.48042362928390503,
        0.46587783098220825
    ],
    "accuracy": [
        0.3800623118877411,
        0.5428348779678345,
        0.5996884703636169,
        0.631619930267334,
        0.6542056202888489,
        0.6962617039680481,
        0.7071651220321655,
        0.7079439163208008,
        0.7110592126846313,
        0.7188473343849182,
        0.722741425037384,
        0.7429906725883484,
        0.764018714427948,
        0.7655763030052185,
        0.7577881813049316,
        0.7609034180641174,
        0.7780373692512512,
        0.7967289686203003,
        0.7663551568984985,
        0.7733644843101501
    ],
    "val_loss": [
        1.763710618019104,
        1.7193125486373901,
        1.6712255477905273,
        1.6019068956375122,
        1.5117435455322266,
        1.4202301502227783,
        1.2817234992980957,
        1.1662505865097046,
        1.1105984449386597,
        1.0149604082107544,
        0.968951940536499,
        0.789167046546936,
        0.5918189287185669,
        0.49041515588760376,
        0.37510940432548523,
        0.36392152309417725,
        0.31787240505218506,
        0.2905930280685425,
        0.28095686435699463,
        0.2772561013698578
    ],
    "val_accuracy": [
        0.4927007257938385,
        0.4927007257938385,
        0.4927007257938385,
        0.4927007257938385,
        0.4927007257938385,
        0.4927007257938385,
        0.4927007257938385,
        0.4927007257938385,
        0.4927007257938385,
        0.4927007257938385,
        0.4927007257938385,
        0.4927007257938385,
        0.7262773513793945,
        0.8430656790733337,
        0.8321167826652527,
        0.8321167826652527,
        0.8321167826652527,
        0.9014598727226257,
        0.8832116723060608,
        0.8321167826652527
    ],
    "lr": [
        0.0010000000474974513,
        0.0010000000474974513,
        0.0010000000474974513,
        0.0010000000474974513,
        0.0010000000474974513,
        0.0010000000474974513,
        0.0010000000474974513,
        0.0010000000474974513,
        0.0010000000474974513,
        0.0010000000474974513,
        9.999999747378752e-06,
        9.999999747378752e-06,
        9.999999747378752e-06,
        9.999999747378752e-06,
        9.999999747378752e-06,
        9.999999747378752e-06,
        9.999999747378752e-06,
        9.999999747378752e-06,
        9.999999747378752e-06,
        9.999999747378752e-06
    ]
}